/*
 Navicat Premium Data Transfer

 Source Server         : wang
 Source Server Type    : MySQL
 Source Server Version : 80020
 Source Host           : localhost:3306
 Source Schema         : wegame

 Target Server Type    : MySQL
 Target Server Version : 80020
 File Encoding         : 65001

 Date: 07/10/2020 04:18:46
*/

SET NAMES utf8mb4;
SET FOREIGN_KEY_CHECKS = 0;

-- ----------------------------
-- Table structure for t_gambling
-- ----------------------------
DROP TABLE IF EXISTS `t_gambling`;
CREATE TABLE `t_gambling`  (
  `id` bigint(0) NOT NULL DEFAULT 1 COMMENT 'ID',
  `create_time` bigint(0) NOT NULL DEFAULT 0 COMMENT '创建时间',
  `update_time` bigint(0) NOT NULL DEFAULT 0 COMMENT '更新时间',
  `version` bigint(0) NOT NULL DEFAULT 1 COMMENT '版本',
  `room_id` bigint(0) NOT NULL DEFAULT 0 COMMENT '房间id',
  `gambling_status` tinyint(0) NOT NULL DEFAULT 0 COMMENT '状态(字典牌局状态枚举)',
  `integral_fundus` bigint(0) NOT NULL DEFAULT 1 COMMENT '积分底注',
  `integral_sum` bigint(0) NOT NULL COMMENT '牌局总积分',
  `round` int(0) NOT NULL DEFAULT 1 COMMENT '轮次',
  INDEX `id`(`id`) USING BTREE
) ENGINE = InnoDB CHARACTER SET = utf8 COLLATE = utf8_general_ci COMMENT = '牌局' ROW_FORMAT = DYNAMIC;

-- ----------------------------
-- Records of t_gambling
-- ----------------------------
INSERT INTO `t_gambling` VALUES (43038426571735040, 1602014562283, 1602014600395, 1602014562283, 1, 1, 1, 2, 6);
INSERT INTO `t_gambling` VALUES (43038884983996416, 1602014671577, 1602014700609, 1602014671577, 1, 1, 1, 2, 10);
INSERT INTO `t_gambling` VALUES (43042144717373440, 1602015448758, 1602015464032, 1602015448758, 1, 1, 1, 2, 6);
INSERT INTO `t_gambling` VALUES (43042261327413248, 1602015476560, 1602015484979, 1602015476560, 1, 1, 1, 2, 4);

-- ----------------------------
-- Table structure for t_gambling_board
-- ----------------------------
DROP TABLE IF EXISTS `t_gambling_board`;
CREATE TABLE `t_gambling_board`  (
  `id` bigint(0) NOT NULL COMMENT 'ID',
  `create_time` bigint(0) NOT NULL DEFAULT 0 COMMENT '创建时间',
  `update_time` bigint(0) NOT NULL DEFAULT 0 COMMENT '更新时间',
  `version` bigint(0) NOT NULL DEFAULT 1 COMMENT '版本',
  `gambling_message_id` bigint(0) NULL DEFAULT NULL COMMENT '牌局信息id',
  `board_size` bigint(0) NOT NULL DEFAULT 0 COMMENT '牌值大小',
  `board_type` tinyint(0) NOT NULL DEFAULT 0 COMMENT '牌值类型(字典牌值类型枚举)',
  `is_special` tinyint(0) NOT NULL DEFAULT 0 COMMENT '是否特殊牌(字段常规判断枚举)',
  `is_a32` tinyint(0) NOT NULL DEFAULT 0 COMMENT 'A32也是顺子(字段常规判断枚举)',
  `first_board_color` tinyint(0) NOT NULL DEFAULT 0 COMMENT '第一张牌花色类型(字典花色类型枚举)',
  `first_board_number` int(0) NOT NULL DEFAULT 0 COMMENT '第一张牌值',
  `second_board_color` tinyint(0) NOT NULL DEFAULT 0 COMMENT '第二张牌花色类型(字典花色类型枚举)',
  `second_board_number` int(0) NOT NULL DEFAULT 0 COMMENT '第二张牌值',
  `thirdly_board_color` tinyint(0) NOT NULL DEFAULT 0 COMMENT '第三张牌花色类型(字典花色类型枚举)',
  `thirdly_board_number` int(0) NOT NULL DEFAULT 0 COMMENT '第三张牌值',
  PRIMARY KEY (`id`) USING BTREE,
  INDEX `gambling_msg_id`(`gambling_message_id`) USING BTREE,
  CONSTRAINT `t_gambling_board_ibfk_1` FOREIGN KEY (`gambling_message_id`) REFERENCES `t_gambling_message` (`id`) ON DELETE RESTRICT ON UPDATE RESTRICT
) ENGINE = InnoDB CHARACTER SET = utf8 COLLATE = utf8_general_ci COMMENT = '牌局信息关联牌表' ROW_FORMAT = Dynamic;

-- ----------------------------
-- Records of t_gambling_board
-- ----------------------------
INSERT INTO `t_gambling_board` VALUES (43038426609483778, 1602014562292, 1602014562292, 1, 43038426609483777, 3786, 0, 0, 0, 1, 14, 3, 12, 0, 10);
INSERT INTO `t_gambling_board` VALUES (43038426613678083, 1602014562293, 1602014562293, 1, 43038426613678082, 2898, 0, 0, 0, 2, 11, 3, 2, 2, 5);
INSERT INTO `t_gambling_board` VALUES (43038884992385027, 1602014671579, 1602014671579, 1, 43038884992385026, 3748, 0, 0, 0, 1, 4, 3, 14, 0, 10);
INSERT INTO `t_gambling_board` VALUES (43038884992385031, 1602014671579, 1602014671579, 1, 43038884992385030, 2916, 0, 0, 0, 3, 6, 0, 11, 2, 4);
INSERT INTO `t_gambling_board` VALUES (43042144759316480, 1602015448768, 1602015448768, 1, 43042144755122177, 3993, 1, 0, 0, 2, 11, 1, 11, 3, 14);
INSERT INTO `t_gambling_board` VALUES (43042144759316484, 1602015448768, 1602015448768, 1, 43042144759316483, 3700, 0, 0, 0, 1, 7, 0, 14, 3, 4);
INSERT INTO `t_gambling_board` VALUES (43042261339996163, 1602015476563, 1602015476563, 1, 43042261339996162, 4021, 1, 0, 0, 3, 10, 1, 13, 0, 13);
INSERT INTO `t_gambling_board` VALUES (43042261339996167, 1602015476563, 1602015476563, 1, 43042261339996166, 4009, 1, 0, 0, 1, 12, 3, 14, 0, 12);

-- ----------------------------
-- Table structure for t_gambling_details
-- ----------------------------
DROP TABLE IF EXISTS `t_gambling_details`;
CREATE TABLE `t_gambling_details`  (
  `id` bigint(0) NOT NULL DEFAULT 0 COMMENT 'ID',
  `create_time` bigint(0) NOT NULL DEFAULT 0 COMMENT '创建时间',
  `update_time` bigint(0) NOT NULL DEFAULT 0 COMMENT '更新时间',
  `version` bigint(0) NOT NULL DEFAULT 1 COMMENT '版本',
  `gambling_id` bigint(0) NOT NULL DEFAULT 0 COMMENT '牌局id',
  `compare_user_id` bigint(0) NOT NULL DEFAULT 0 COMMENT '比牌用户id',
  `operation_type` tinyint(0) NOT NULL DEFAULT 0 COMMENT '操作类型(见字典表操作类型枚举)',
  `operating_leverage` bigint(0) NOT NULL DEFAULT 0 COMMENT '操作筹码加减',
  `round` int(0) NOT NULL DEFAULT 0 COMMENT '轮次',
  `seat_id` bigint(0) NOT NULL DEFAULT 0 COMMENT '座位id',
  `user_id` bigint(0) NOT NULL DEFAULT 0 COMMENT '用户id',
  `sort` int(0) NOT NULL DEFAULT 0 COMMENT '同用户同轮次排序',
  PRIMARY KEY (`id`) USING BTREE,
  INDEX `t_gambling_details_ibfk_1`(`gambling_id`) USING BTREE,
  CONSTRAINT `t_gambling_details_ibfk_1` FOREIGN KEY (`gambling_id`) REFERENCES `t_gambling` (`id`) ON DELETE RESTRICT ON UPDATE RESTRICT
) ENGINE = InnoDB CHARACTER SET = utf8 COLLATE = utf8_general_ci COMMENT = '牌局详情' ROW_FORMAT = DYNAMIC;

-- ----------------------------
-- Records of t_gambling_details
-- ----------------------------
INSERT INTO `t_gambling_details` VALUES (43038427796471808, 1602014562575, 1602014562575, 1, 43038426571735040, 0, 0, 1, 0, 3, 10000, 0);
INSERT INTO `t_gambling_details` VALUES (43038427809054720, 1602014562578, 1602014562578, 1, 43038426571735040, 0, 0, 1, 0, 6, 10001, 0);
INSERT INTO `t_gambling_details` VALUES (43038491021410304, 1602014577649, 1602014577649, 1, 43038426571735040, 0, 4, 1, 1, 3, 10000, 1);
INSERT INTO `t_gambling_details` VALUES (43038531043459072, 1602014587191, 1602014587191, 1, 43038426571735040, 0, 5, 5, 2, 6, 10001, 1);
INSERT INTO `t_gambling_details` VALUES (43038553579454464, 1602014592564, 1602014592564, 1, 43038426571735040, 0, 4, 5, 3, 3, 10000, 1);
INSERT INTO `t_gambling_details` VALUES (43038570293755904, 1602014596549, 1602014596549, 1, 43038426571735040, 0, 4, 5, 4, 6, 10001, 1);
INSERT INTO `t_gambling_details` VALUES (43038586194362368, 1602014600340, 1602014600340, 1, 43038426571735040, 10001, 3, 5, 5, 3, 10000, 1);
INSERT INTO `t_gambling_details` VALUES (43038885399232512, 1602014671676, 1602014671676, 1, 43038884983996416, 0, 0, 1, 0, 3, 10000, 0);
INSERT INTO `t_gambling_details` VALUES (43038885403426816, 1602014671677, 1602014671677, 1, 43038884983996416, 0, 0, 1, 0, 6, 10001, 0);
INSERT INTO `t_gambling_details` VALUES (43038900289011712, 1602014675226, 1602014675226, 1, 43038884983996416, 0, 5, 2, 1, 3, 10000, 1);
INSERT INTO `t_gambling_details` VALUES (43038933352710144, 1602014683109, 1602014683109, 1, 43038884983996416, 0, 2, 0, 2, 6, 10001, 0);
INSERT INTO `t_gambling_details` VALUES (43038945088372736, 1602014685907, 1602014685907, 1, 43038884983996416, 0, 5, 20, 2, 6, 10001, 1);
INSERT INTO `t_gambling_details` VALUES (43038954110320640, 1602014688058, 1602014688058, 1, 43038884983996416, 0, 4, 10, 3, 3, 10000, 1);
INSERT INTO `t_gambling_details` VALUES (43038960108175360, 1602014689488, 1602014689488, 1, 43038884983996416, 0, 4, 20, 4, 6, 10001, 1);
INSERT INTO `t_gambling_details` VALUES (43038965636268032, 1602014690806, 1602014690806, 1, 43038884983996416, 0, 4, 10, 5, 3, 10000, 1);
INSERT INTO `t_gambling_details` VALUES (43038970250002432, 1602014691906, 1602014691906, 1, 43038884983996416, 0, 4, 20, 6, 6, 10001, 1);
INSERT INTO `t_gambling_details` VALUES (43038980098228224, 1602014694254, 1602014694254, 1, 43038884983996416, 0, 4, 10, 7, 3, 10000, 1);
INSERT INTO `t_gambling_details` VALUES (43038985575989248, 1602014695560, 1602014695560, 1, 43038884983996416, 0, 4, 20, 8, 6, 10001, 1);
INSERT INTO `t_gambling_details` VALUES (43038991548678144, 1602014696984, 1602014696984, 1, 43038884983996416, 0, 2, 0, 9, 3, 10000, 1);
INSERT INTO `t_gambling_details` VALUES (43039006312628224, 1602014700504, 1602014700504, 1, 43038884983996416, 10001, 3, 20, 9, 3, 10000, 2);
INSERT INTO `t_gambling_details` VALUES (43042146600615936, 1602015449207, 1602015449207, 1, 43042144717373440, 0, 0, 1, 0, 3, 10001, 0);
INSERT INTO `t_gambling_details` VALUES (43042146613198848, 1602015449210, 1602015449210, 1, 43042144717373440, 0, 0, 1, 0, 6, 10000, 0);
INSERT INTO `t_gambling_details` VALUES (43042166238347264, 1602015453889, 1602015453889, 1, 43042144717373440, 0, 5, 10, 1, 3, 10001, 1);
INSERT INTO `t_gambling_details` VALUES (43042173460938752, 1602015455611, 1602015455611, 1, 43042144717373440, 0, 4, 10, 2, 6, 10000, 1);
INSERT INTO `t_gambling_details` VALUES (43042181870518272, 1602015457616, 1602015457616, 1, 43042144717373440, 0, 4, 10, 3, 3, 10001, 1);
INSERT INTO `t_gambling_details` VALUES (43042187096621056, 1602015458862, 1602015458862, 1, 43042144717373440, 0, 4, 10, 4, 6, 10000, 1);
INSERT INTO `t_gambling_details` VALUES (43042189319602176, 1602015459392, 1602015459392, 1, 43042144717373440, 0, 2, 0, 5, 6, 10000, 1);
INSERT INTO `t_gambling_details` VALUES (43042203332771840, 1602015462733, 1602015462733, 1, 43042144717373440, 0, 2, 0, 5, 3, 10001, 1);
INSERT INTO `t_gambling_details` VALUES (43042208516931584, 1602015463969, 1602015463969, 1, 43042144717373440, 10000, 3, 20, 5, 3, 10001, 2);
INSERT INTO `t_gambling_details` VALUES (43042261717483520, 1602015476653, 1602015476653, 1, 43042261327413248, 0, 0, 1, 0, 3, 10001, 0);
INSERT INTO `t_gambling_details` VALUES (43042261721677824, 1602015476654, 1602015476654, 1, 43042261327413248, 0, 0, 1, 0, 6, 10000, 0);
INSERT INTO `t_gambling_details` VALUES (43042266729676800, 1602015477848, 1602015477848, 1, 43042261327413248, 0, 2, 0, 1, 6, 10000, 0);
INSERT INTO `t_gambling_details` VALUES (43042276296884224, 1602015480129, 1602015480129, 1, 43042261327413248, 0, 5, 10, 1, 3, 10001, 1);
INSERT INTO `t_gambling_details` VALUES (43042283225874432, 1602015481781, 1602015481781, 1, 43042261327413248, 0, 4, 20, 2, 6, 10000, 1);
INSERT INTO `t_gambling_details` VALUES (43042296194662400, 1602015484873, 1602015484873, 1, 43042261327413248, 0, 1, 0, 3, 3, 10001, 1);

-- ----------------------------
-- Table structure for t_gambling_message
-- ----------------------------
DROP TABLE IF EXISTS `t_gambling_message`;
CREATE TABLE `t_gambling_message`  (
  `id` bigint(0) NOT NULL DEFAULT 1 COMMENT 'ID',
  `create_time` bigint(0) NOT NULL DEFAULT 0 COMMENT '创建时间',
  `update_time` bigint(0) NOT NULL DEFAULT 0 COMMENT '更新时间',
  `version` bigint(0) NOT NULL DEFAULT 1 COMMENT '版本',
  `gambling_id` bigint(0) NOT NULL DEFAULT 0 COMMENT '牌局id',
  `user_id` bigint(0) NOT NULL DEFAULT 0 COMMENT '用户id',
  `seat_id` bigint(0) NOT NULL DEFAULT 0 COMMENT '座位id',
  `is_banker` tinyint(0) NOT NULL DEFAULT 0 COMMENT '是否庄家座位(字典常规判断枚举)',
  `is_user` tinyint(0) NOT NULL DEFAULT 0 COMMENT '是否有玩家(字典常规判断枚举)',
  `is_turn` tinyint(0) NOT NULL COMMENT '是否轮到操作(字典常规判断枚举)',
  `see_card_status` tinyint(0) NOT NULL DEFAULT 0 COMMENT '看牌状态(字段常规判断枚举)',
  `game_status` tinyint(0) NOT NULL DEFAULT 0 COMMENT '牌局游戏状态(字典牌局游戏状态枚举)',
  PRIMARY KEY (`id`) USING BTREE,
  INDEX `gambling_id`(`gambling_id`) USING BTREE,
  CONSTRAINT `t_gambling_message_ibfk_1` FOREIGN KEY (`gambling_id`) REFERENCES `t_gambling` (`id`) ON DELETE RESTRICT ON UPDATE RESTRICT
) ENGINE = InnoDB CHARACTER SET = utf8 COLLATE = utf8_general_ci COMMENT = '牌局信息' ROW_FORMAT = DYNAMIC;

-- ----------------------------
-- Records of t_gambling_message
-- ----------------------------
INSERT INTO `t_gambling_message` VALUES (43038426605289472, 1602014562291, 1602014562291, 1, 43038426571735040, 0, 1, 0, 0, 0, 0, 0);
INSERT INTO `t_gambling_message` VALUES (43038426609483776, 1602014562292, 1602014562292, 1, 43038426571735040, 0, 2, 0, 0, 0, 0, 0);
INSERT INTO `t_gambling_message` VALUES (43038426609483777, 1602014562292, 1602014600395, 1, 43038426571735040, 10000, 3, 1, 1, 1, 0, 4);
INSERT INTO `t_gambling_message` VALUES (43038426613678080, 1602014562293, 1602014562293, 1, 43038426571735040, 0, 4, 0, 0, 0, 0, 0);
INSERT INTO `t_gambling_message` VALUES (43038426613678081, 1602014562293, 1602014562293, 1, 43038426571735040, 0, 5, 0, 0, 0, 0, 0);
INSERT INTO `t_gambling_message` VALUES (43038426613678082, 1602014562293, 1602014562293, 1, 43038426571735040, 10001, 6, 0, 1, 0, 0, 2);
INSERT INTO `t_gambling_message` VALUES (43038884992385024, 1602014671579, 1602014671579, 1, 43038884983996416, 0, 1, 0, 0, 0, 0, 0);
INSERT INTO `t_gambling_message` VALUES (43038884992385025, 1602014671579, 1602014671579, 1, 43038884983996416, 0, 2, 0, 0, 0, 0, 0);
INSERT INTO `t_gambling_message` VALUES (43038884992385026, 1602014671579, 1602014700609, 1, 43038884983996416, 10000, 3, 1, 1, 1, 1, 4);
INSERT INTO `t_gambling_message` VALUES (43038884992385028, 1602014671579, 1602014671579, 1, 43038884983996416, 0, 4, 0, 0, 0, 0, 0);
INSERT INTO `t_gambling_message` VALUES (43038884992385029, 1602014671579, 1602014671579, 1, 43038884983996416, 0, 5, 0, 0, 0, 0, 0);
INSERT INTO `t_gambling_message` VALUES (43038884992385030, 1602014671579, 1602014671579, 1, 43038884983996416, 10001, 6, 0, 1, 0, 1, 2);
INSERT INTO `t_gambling_message` VALUES (43042144750927872, 1602015448766, 1602015448766, 1, 43042144717373440, 0, 1, 0, 0, 0, 0, 0);
INSERT INTO `t_gambling_message` VALUES (43042144755122176, 1602015448767, 1602015448767, 1, 43042144717373440, 0, 2, 0, 0, 0, 0, 0);
INSERT INTO `t_gambling_message` VALUES (43042144755122177, 1602015448767, 1602015464032, 1, 43042144717373440, 10001, 3, 1, 1, 1, 1, 4);
INSERT INTO `t_gambling_message` VALUES (43042144759316481, 1602015448768, 1602015448768, 1, 43042144717373440, 0, 4, 0, 0, 0, 0, 0);
INSERT INTO `t_gambling_message` VALUES (43042144759316482, 1602015448768, 1602015448768, 1, 43042144717373440, 0, 5, 0, 0, 0, 0, 0);
INSERT INTO `t_gambling_message` VALUES (43042144759316483, 1602015448768, 1602015448768, 1, 43042144717373440, 10000, 6, 0, 1, 0, 1, 2);
INSERT INTO `t_gambling_message` VALUES (43042261339996160, 1602015476563, 1602015476563, 1, 43042261327413248, 0, 1, 0, 0, 0, 0, 0);
INSERT INTO `t_gambling_message` VALUES (43042261339996161, 1602015476563, 1602015476563, 1, 43042261327413248, 0, 2, 0, 0, 0, 0, 0);
INSERT INTO `t_gambling_message` VALUES (43042261339996162, 1602015476563, 1602015476563, 1, 43042261327413248, 10001, 3, 1, 1, 0, 0, 1);
INSERT INTO `t_gambling_message` VALUES (43042261339996164, 1602015476563, 1602015476563, 1, 43042261327413248, 0, 4, 0, 0, 0, 0, 0);
INSERT INTO `t_gambling_message` VALUES (43042261339996165, 1602015476563, 1602015476563, 1, 43042261327413248, 0, 5, 0, 0, 0, 0, 0);
INSERT INTO `t_gambling_message` VALUES (43042261339996166, 1602015476563, 1602015484979, 1, 43042261327413248, 10000, 6, 0, 1, 1, 1, 4);

-- ----------------------------
-- Table structure for t_gambling_statistics
-- ----------------------------
DROP TABLE IF EXISTS `t_gambling_statistics`;
CREATE TABLE `t_gambling_statistics`  (
  `id` bigint(0) NOT NULL DEFAULT 0 COMMENT 'ID',
  `create_time` bigint(0) NOT NULL DEFAULT 0 COMMENT '创建时间',
  `update_time` bigint(0) NOT NULL DEFAULT 0 COMMENT '更新时间',
  `version` bigint(0) NOT NULL DEFAULT 1 COMMENT '版本',
  `integral` bigint(0) NOT NULL DEFAULT 0 COMMENT '积分计算',
  `gambling_id` bigint(0) NOT NULL DEFAULT 0 COMMENT '牌局id',
  `seat_id` bigint(0) NOT NULL DEFAULT 0 COMMENT '座位id',
  `user_id` bigint(0) NOT NULL DEFAULT 0 COMMENT '用户id',
  `is_win` tinyint(0) NOT NULL DEFAULT 0 COMMENT '是否胜利(字段常规判断字段)',
  `start_time` bigint(0) NOT NULL DEFAULT 0 COMMENT '开始时间',
  `end_time` bigint(0) NOT NULL DEFAULT 0 COMMENT '结束时间',
  PRIMARY KEY (`id`) USING BTREE,
  INDEX `FKleemt4eo6t0voyy6awr7pn1rb`(`gambling_id`) USING BTREE,
  CONSTRAINT `t_gambling_statistics_ibfk_1` FOREIGN KEY (`gambling_id`) REFERENCES `t_gambling` (`id`) ON DELETE RESTRICT ON UPDATE RESTRICT
) ENGINE = InnoDB CHARACTER SET = utf8 COLLATE = utf8_general_ci COMMENT = '牌局统计' ROW_FORMAT = DYNAMIC;

-- ----------------------------
-- Records of t_gambling_statistics
-- ----------------------------
INSERT INTO `t_gambling_statistics` VALUES (43038602665394176, 1602014604267, 1602014604267, 1, 11, 43038426571735040, 3, 10000, 1, 1602014604267, 1602014604267);
INSERT INTO `t_gambling_statistics` VALUES (43038602732503040, 1602014604283, 1602014604283, 1, -11, 43038426571735040, 6, 10001, 0, 1602014604283, 1602014604283);
INSERT INTO `t_gambling_statistics` VALUES (43039018929094656, 1602014703512, 1602014703512, 1, 81, 43038884983996416, 3, 10000, 1, 1602014703512, 1602014703512);
INSERT INTO `t_gambling_statistics` VALUES (43039018933288960, 1602014703513, 1602014703513, 1, -81, 43038884983996416, 6, 10001, 0, 1602014703513, 1602014703513);
INSERT INTO `t_gambling_statistics` VALUES (43042231665295360, 1602015469488, 1602015469488, 1, 21, 43042144717373440, 3, 10001, 1, 1602015469488, 1602015469488);
INSERT INTO `t_gambling_statistics` VALUES (43042231711432704, 1602015469499, 1602015469499, 1, -21, 43042144717373440, 6, 10000, 0, 1602015469499, 1602015469499);
INSERT INTO `t_gambling_statistics` VALUES (43042296702173184, 1602015484994, 1602015484994, 1, -11, 43042261327413248, 3, 10001, 0, 1602015484994, 1602015484994);
INSERT INTO `t_gambling_statistics` VALUES (43042296702173185, 1602015484994, 1602015484994, 1, 11, 43042261327413248, 6, 10000, 1, 1602015484994, 1602015484994);

-- ----------------------------
-- Table structure for t_room
-- ----------------------------
DROP TABLE IF EXISTS `t_room`;
CREATE TABLE `t_room`  (
  `id` bigint(0) NOT NULL DEFAULT 0 COMMENT 'ID',
  `create_time` bigint(0) NOT NULL DEFAULT 0 COMMENT '创建时间',
  `update_time` bigint(0) NOT NULL DEFAULT 0 COMMENT '更新时间',
  `version` bigint(0) NOT NULL DEFAULT 1 COMMENT '版本',
  `room_name` varchar(20) CHARACTER SET utf8 COLLATE utf8_general_ci NOT NULL DEFAULT '' COMMENT '房间名称',
  `status` tinyint(0) NOT NULL DEFAULT 0 COMMENT '状态(字段房间状态枚举)',
  PRIMARY KEY (`id`) USING BTREE
) ENGINE = InnoDB CHARACTER SET = utf8 COLLATE = utf8_general_ci COMMENT = '房间' ROW_FORMAT = DYNAMIC;

-- ----------------------------
-- Records of t_room
-- ----------------------------
INSERT INTO `t_room` VALUES (1, 1602015426314, 1602015484979, 1, '', 1);

-- ----------------------------
-- Table structure for t_seat
-- ----------------------------
DROP TABLE IF EXISTS `t_seat`;
CREATE TABLE `t_seat`  (
  `id` bigint(0) NOT NULL DEFAULT 0 COMMENT 'ID',
  `create_time` bigint(0) NOT NULL DEFAULT 0 COMMENT '创建时间',
  `update_time` bigint(0) NOT NULL DEFAULT 0 COMMENT '更新时间',
  `version` bigint(0) NOT NULL DEFAULT 1 COMMENT '版本',
  `seat_status` tinyint(0) NOT NULL DEFAULT 0 COMMENT '座位状态(字典座位状态枚举)',
  `room_id` bigint(0) NOT NULL DEFAULT 0 COMMENT '房间id',
  `user_id` bigint(0) NOT NULL DEFAULT 0 COMMENT '用户id',
  PRIMARY KEY (`id`) USING BTREE,
  INDEX `FK4j5dgwc0sptm9dqdreb6mq0qv`(`room_id`) USING BTREE
) ENGINE = InnoDB CHARACTER SET = utf8 COLLATE = utf8_general_ci COMMENT = '座位' ROW_FORMAT = DYNAMIC;

-- ----------------------------
-- Records of t_seat
-- ----------------------------
INSERT INTO `t_seat` VALUES (1, 1602015426320, 1602015484979, 1, 0, 1, 0);
INSERT INTO `t_seat` VALUES (2, 1602015426322, 1602015484979, 1, 0, 1, 0);
INSERT INTO `t_seat` VALUES (3, 1602015426325, 1602015484979, 1, 1, 1, 10001);
INSERT INTO `t_seat` VALUES (4, 1602015426327, 1602015484979, 1, 0, 1, 0);
INSERT INTO `t_seat` VALUES (5, 1602015426329, 1602015484979, 1, 0, 1, 0);
INSERT INTO `t_seat` VALUES (6, 1602015426331, 1602015484979, 1, 1, 1, 10000);

-- ----------------------------
-- Table structure for t_user
-- ----------------------------
DROP TABLE IF EXISTS `t_user`;
CREATE TABLE `t_user`  (
  `id` bigint(0) NOT NULL AUTO_INCREMENT COMMENT 'ID',
  `create_time` bigint(0) NOT NULL DEFAULT 0 COMMENT '创建时间',
  `update_time` bigint(0) NOT NULL DEFAULT 0 COMMENT '更新时间',
  `version` bigint(0) NOT NULL DEFAULT 1 COMMENT '版本',
  `head_portrait` varchar(200) CHARACTER SET utf8 COLLATE utf8_general_ci NOT NULL COMMENT '头像',
  `integral` bigint(0) NOT NULL DEFAULT 0 COMMENT '积分',
  `nick_name` varchar(20) CHARACTER SET utf8 COLLATE utf8_general_ci NOT NULL COMMENT '昵称',
  `user_name` varchar(50) CHARACTER SET utf8 COLLATE utf8_general_ci NOT NULL COMMENT '账号',
  `pwd` varchar(50) CHARACTER SET utf8 COLLATE utf8_general_ci NOT NULL COMMENT '密码',
  `phone` bigint(0) NOT NULL DEFAULT 0 COMMENT '手机号',
  PRIMARY KEY (`id`) USING BTREE
) ENGINE = InnoDB AUTO_INCREMENT = 123214 CHARACTER SET = utf8 COLLATE = utf8_general_ci COMMENT = '用户' ROW_FORMAT = DYNAMIC;

-- ----------------------------
-- Records of t_user
-- ----------------------------
INSERT INTO `t_user` VALUES (10000, 3, 3, 1, 'https://img.tomtangmu.com/images/2019/08/05/u203009510364911888fm26gp0.jpg', -145, '刘备', 'liudehua', 'E10ADC3949BA59ABBE56E057F20F883E', 33);
INSERT INTO `t_user` VALUES (10001, 111, 112, 1, 'https://img.tomtangmu.com/images/2019/08/05/u203009510364911888fm26gp0.jpg', -123, '张飞', 'wbh', 'E10ADC3949BA59ABBE56E057F20F883E', 12);
INSERT INTO `t_user` VALUES (10002, 222, 222, 1, 'https://img.tomtangmu.com/images/2019/08/05/u203009510364911888fm26gp0.jpg', 143, '关羽', 'whua', 'E10ADC3949BA59ABBE56E057F20F883E', 12);

SET FOREIGN_KEY_CHECKS = 1;
